sensor_id,timestamp,temperature,humidity,location,sensor_type
1034,2025-04-07 19:15:36,29.43,40.06,BuildingB_Floor2,TypeA
1074,2025-04-07 01:11:04,28.7,69.56,BuildingB_Floor1,TypeB
1039,2025-04-09 05:00:29,22.16,60.59,BuildingB_Floor1,TypeB
1089,2025-04-10 00:13:58,31.77,31.11,BuildingA_Floor1,TypeB
1086,2025-04-06 18:00:25,33.97,33.45,BuildingA_Floor1,TypeC
1053,2025-04-09 17:35:58,19.44,67.75,BuildingB_Floor2,TypeC
1053,2025-04-08 00:39:36,21.76,54.3,BuildingA_Floor1,TypeB
1032,2025-04-10 11:22:16,20.88,67.29,BuildingB_Floor1,TypeA
1061,2025-04-09 23:04:15,21.41,74.33,BuildingA_Floor2,TypeB
1023,2025-04-07 19:42:45,21.18,51.57,BuildingB_Floor1,TypeC
1077,2025-04-07 01:22:37,18.4,73.21,BuildingA_Floor2,TypeA
1031,2025-04-07 04:22:37,16.45,39.32,BuildingB_Floor2,TypeA
1006,2025-04-07 18:15:19,27.01,46.85,BuildingA_Floor1,TypeC
1099,2025-04-09 02:54:14,28.4,63.19,BuildingB_Floor1,TypeB
1054,2025-04-07 15:31:14,24.57,75.51,BuildingA_Floor2,TypeC
1022,2025-04-08 07:41:36,23.12,51.15,BuildingA_Floor2,TypeC
1014,2025-04-08 01:18:25,21.14,48.57,BuildingA_Floor1,TypeB
1043,2025-04-10 14:33:45,27.57,65.56,BuildingA_Floor1,TypeC
1048,2025-04-07 09:33:38,20.95,43.02,BuildingA_Floor2,TypeA
1090,2025-04-06 17:34:35,33.63,32.12,BuildingB_Floor2,TypeB
1036,2025-04-06 23:32:06,30.62,50.95,BuildingB_Floor2,TypeA
1095,2025-04-10 03:07:02,27.0,70.76,BuildingA_Floor1,TypeB
1014,2025-04-06 16:25:21,17.24,37.34,BuildingA_Floor1,TypeA
1001,2025-04-10 18:34:59,25.81,34.19,BuildingB_Floor1,TypeB
1010,2025-04-09 18:43:51,20.99,64.82,BuildingA_Floor1,TypeA
1088,2025-04-06 05:43:34,16.75,57.1,BuildingA_Floor2,TypeB
1022,2025-04-07 20:58:39,29.28,53.52,BuildingB_Floor2,TypeA
1067,2025-04-09 00:08:03,20.22,32.65,BuildingA_Floor1,TypeB
1095,2025-04-06 10:46:10,16.01,44.69,BuildingA_Floor2,TypeB
1057,2025-04-10 09:34:40,26.47,79.38,BuildingB_Floor1,TypeB
1037,2025-04-06 17:04:39,19.99,33.65,BuildingB_Floor1,TypeC
1019,2025-04-06 22:51:04,18.74,63.84,BuildingA_Floor1,TypeA
1025,2025-04-07 17:50:57,31.04,36.97,BuildingB_Floor1,TypeB
1058,2025-04-10 09:26:57,33.97,76.32,BuildingA_Floor1,TypeA
1049,2025-04-08 15:04:58,22.99,72.56,BuildingA_Floor1,TypeB
1090,2025-04-06 06:08:01,15.34,69.96,BuildingB_Floor2,TypeA
1082,2025-04-10 16:44:32,17.2,38.37,BuildingB_Floor2,TypeA
1024,2025-04-08 07:44:28,17.07,49.05,BuildingA_Floor2,TypeB
1074,2025-04-09 00:36:13,19.15,40.53,BuildingA_Floor2,TypeA
1051,2025-04-08 14:11:19,25.36,63.46,BuildingB_Floor1,TypeA
1065,2025-04-06 05:27:27,19.66,44.15,BuildingB_Floor1,TypeA
1006,2025-04-07 21:55:31,23.28,74.14,BuildingB_Floor2,TypeA
1034,2025-04-06 08:12:21,30.7,37.53,BuildingA_Floor2,TypeA
1053,2025-04-08 13:35:27,23.65,47.2,BuildingA_Floor1,TypeB
1066,2025-04-10 15:34:07,24.53,59.59,BuildingB_Floor1,TypeC
1057,2025-04-08 07:00:11,32.76,79.09,BuildingA_Floor2,TypeA
1005,2025-04-07 08:04:23,21.12,42.91,BuildingA_Floor2,TypeB
1067,2025-04-10 02:02:56,29.36,38.21,BuildingB_Floor2,TypeC
1001,2025-04-08 03:52:02,21.32,77.52,BuildingA_Floor2,TypeC
1088,2025-04-08 00:58:18,31.96,70.92,BuildingB_Floor2,TypeA
1000,2025-04-06 11:38:00,16.09,74.36,BuildingB_Floor1,TypeA
1065,2025-04-06 17:58:30,29.45,78.26,BuildingB_Floor2,TypeB
1088,2025-04-06 04:45:42,28.76,68.02,BuildingA_Floor1,TypeC
1028,2025-04-08 08:25:53,31.0,41.24,BuildingA_Floor2,TypeA
1082,2025-04-08 01:06:22,32.6,31.89,BuildingB_Floor2,TypeA
1030,2025-04-06 22:32:41,22.45,64.78,BuildingB_Floor1,TypeA
1020,2025-04-09 06:01:14,20.53,41.85,BuildingA_Floor2,TypeC
1093,2025-04-09 20:16:51,24.92,32.55,BuildingB_Floor1,TypeB
1026,2025-04-08 04:46:21,32.49,65.1,BuildingA_Floor2,TypeC
1072,2025-04-06 08:58:45,26.97,79.0,BuildingB_Floor2,TypeC
1033,2025-04-07 00:44:04,26.18,72.7,BuildingA_Floor2,TypeB
1065,2025-04-09 22:40:53,29.98,30.88,BuildingB_Floor2,TypeC
1007,2025-04-07 18:57:54,21.59,72.28,BuildingB_Floor2,TypeA
1028,2025-04-07 08:57:51,34.61,52.21,BuildingA_Floor2,TypeA
1073,2025-04-06 15:19:08,27.15,50.28,BuildingB_Floor2,TypeC
1093,2025-04-08 04:55:18,28.8,51.4,BuildingB_Floor1,TypeB
1098,2025-04-10 20:01:39,15.25,79.46,BuildingA_Floor2,TypeC
1057,2025-04-06 09:20:12,26.71,66.1,BuildingB_Floor2,TypeC
1100,2025-04-07 05:31:21,30.37,58.18,BuildingA_Floor1,TypeA
1012,2025-04-10 01:24:25,16.31,67.69,BuildingB_Floor1,TypeA
1078,2025-04-06 18:59:56,17.79,62.6,BuildingA_Floor1,TypeB
1057,2025-04-06 15:26:10,34.12,76.23,BuildingA_Floor2,TypeB
1090,2025-04-07 21:18:17,17.77,60.15,BuildingB_Floor1,TypeB
1016,2025-04-09 06:40:44,22.1,60.19,BuildingB_Floor2,TypeA
1013,2025-04-07 21:02:24,19.37,75.31,BuildingA_Floor1,TypeC
1073,2025-04-09 12:43:33,15.87,59.41,BuildingA_Floor2,TypeA
1015,2025-04-10 19:16:18,29.87,38.86,BuildingA_Floor2,TypeB
1081,2025-04-10 09:10:58,31.96,59.4,BuildingB_Floor1,TypeA
1017,2025-04-09 03:33:01,26.22,58.31,BuildingB_Floor2,TypeC
1045,2025-04-08 19:12:05,31.14,52.86,BuildingB_Floor1,TypeC
1004,2025-04-07 11:42:39,24.66,73.41,BuildingB_Floor2,TypeC
1023,2025-04-06 17:02:10,20.15,37.65,BuildingA_Floor1,TypeA
1086,2025-04-09 18:24:41,30.77,71.81,BuildingB_Floor2,TypeA
1037,2025-04-07 23:18:27,30.9,66.46,BuildingA_Floor2,TypeA
1043,2025-04-07 06:47:30,18.34,67.39,BuildingB_Floor2,TypeA
1046,2025-04-10 19:59:33,24.22,35.12,BuildingB_Floor1,TypeB
1036,2025-04-07 18:53:37,17.96,57.72,BuildingB_Floor1,TypeC
1054,2025-04-08 18:45:03,29.52,65.45,BuildingB_Floor1,TypeC
1041,2025-04-05 21:53:47,27.67,70.13,BuildingB_Floor1,TypeB
1090,2025-04-06 17:58:49,30.8,73.53,BuildingB_Floor2,TypeC
1008,2025-04-09 18:38:27,22.3,63.73,BuildingB_Floor1,TypeC
1056,2025-04-10 09:50:16,17.4,79.8,BuildingB_Floor1,TypeA
1047,2025-04-10 12:52:21,28.15,49.65,BuildingA_Floor1,TypeA
1098,2025-04-10 02:08:08,27.68,31.54,BuildingB_Floor2,TypeA
1064,2025-04-09 00:20:41,16.93,46.59,BuildingA_Floor1,TypeA
1087,2025-04-10 00:02:20,33.73,45.35,BuildingA_Floor1,TypeA
1054,2025-04-06 09:10:19,21.27,61.49,BuildingB_Floor2,TypeC
1089,2025-04-09 03:12:23,32.32,34.89,BuildingB_Floor1,TypeB
1067,2025-04-10 07:27:05,26.78,77.58,BuildingA_Floor1,TypeA
1045,2025-04-08 12:16:41,18.03,54.07,BuildingA_Floor1,TypeC
1044,2025-04-08 15:05:56,17.66,42.58,BuildingB_Floor2,TypeA
1018,2025-04-09 13:35:01,30.57,45.77,BuildingB_Floor2,TypeC
1091,2025-04-08 07:38:03,21.15,61.69,BuildingB_Floor1,TypeA
1003,2025-04-08 02:01:36,33.6,79.91,BuildingB_Floor1,TypeC
1008,2025-04-09 05:19:02,15.55,61.4,BuildingA_Floor2,TypeB
1074,2025-04-06 04:37:40,26.43,66.83,BuildingA_Floor1,TypeA
1030,2025-04-10 07:54:37,18.25,45.84,BuildingA_Floor1,TypeB
1049,2025-04-09 04:39:39,20.12,36.82,BuildingA_Floor1,TypeB
1079,2025-04-09 11:43:46,23.38,70.9,BuildingA_Floor2,TypeA
1075,2025-04-06 15:15:23,26.59,74.4,BuildingA_Floor2,TypeA
1016,2025-04-09 01:27:18,33.47,43.83,BuildingB_Floor2,TypeC
1032,2025-04-07 05:34:53,15.36,72.64,BuildingB_Floor2,TypeC
1070,2025-04-06 13:20:56,20.33,47.02,BuildingB_Floor2,TypeC
1061,2025-04-08 11:50:03,32.44,73.52,BuildingB_Floor2,TypeC
1090,2025-04-07 14:39:04,31.62,49.62,BuildingB_Floor1,TypeA
1075,2025-04-09 16:15:24,20.42,65.11,BuildingB_Floor2,TypeB
1059,2025-04-07 13:27:06,15.99,35.08,BuildingA_Floor1,TypeC
1052,2025-04-06 12:01:58,24.28,66.36,BuildingB_Floor1,TypeB
1022,2025-04-09 15:23:07,31.71,51.99,BuildingB_Floor1,TypeA
1098,2025-04-06 00:44:12,33.45,63.44,BuildingA_Floor2,TypeB
1083,2025-04-08 07:45:32,33.0,77.78,BuildingA_Floor1,TypeB
1094,2025-04-07 03:18:46,30.31,51.67,BuildingA_Floor1,TypeC
1071,2025-04-09 20:04:27,15.21,63.23,BuildingB_Floor2,TypeB
1060,2025-04-10 15:52:14,15.98,56.41,BuildingB_Floor1,TypeB
1019,2025-04-07 21:17:31,15.88,74.9,BuildingA_Floor1,TypeB
1017,2025-04-10 07:18:41,15.52,32.92,BuildingA_Floor1,TypeB
1059,2025-04-10 13:28:11,16.58,52.58,BuildingA_Floor2,TypeC
1072,2025-04-10 01:59:50,28.92,65.53,BuildingA_Floor1,TypeA
1043,2025-04-10 18:41:08,15.07,31.83,BuildingB_Floor2,TypeA
1085,2025-04-10 13:41:02,18.82,42.02,BuildingB_Floor2,TypeA
1020,2025-04-07 12:03:29,17.06,73.85,BuildingB_Floor1,TypeA
1005,2025-04-10 17:25:57,32.86,49.63,BuildingB_Floor2,TypeB
1083,2025-04-07 04:42:59,27.17,53.84,BuildingA_Floor1,TypeC
1006,2025-04-10 08:27:55,15.58,69.65,BuildingB_Floor2,TypeC
1073,2025-04-09 07:40:11,32.27,33.02,BuildingA_Floor1,TypeA
1048,2025-04-09 11:35:50,24.63,55.61,BuildingA_Floor1,TypeC
1076,2025-04-10 16:25:11,32.38,43.36,BuildingA_Floor1,TypeA
1074,2025-04-10 18:34:26,22.7,52.44,BuildingA_Floor2,TypeA
1019,2025-04-06 11:06:17,17.27,53.8,BuildingA_Floor1,TypeA
1083,2025-04-06 14:32:20,29.75,71.72,BuildingB_Floor1,TypeA
1069,2025-04-07 18:24:22,17.74,79.51,BuildingA_Floor1,TypeA
1088,2025-04-06 04:15:18,15.1,39.79,BuildingB_Floor1,TypeC
1099,2025-04-06 16:20:07,18.73,50.35,BuildingB_Floor1,TypeA
1095,2025-04-08 05:47:17,19.88,78.39,BuildingA_Floor2,TypeC
1019,2025-04-09 07:02:39,30.67,51.64,BuildingA_Floor2,TypeA
1062,2025-04-09 06:43:25,27.29,42.72,BuildingA_Floor2,TypeA
1095,2025-04-08 00:41:52,32.48,36.98,BuildingA_Floor2,TypeB
1017,2025-04-08 03:52:33,16.71,36.65,BuildingA_Floor2,TypeA
1040,2025-04-07 17:00:14,23.77,34.88,BuildingB_Floor2,TypeC
1002,2025-04-06 19:18:44,30.88,62.56,BuildingB_Floor2,TypeA
1048,2025-04-07 01:05:31,28.83,58.11,BuildingB_Floor1,TypeB
1045,2025-04-07 12:44:28,18.82,35.45,BuildingA_Floor1,TypeC
1065,2025-04-09 13:57:24,31.41,41.89,BuildingA_Floor2,TypeA
1066,2025-04-07 01:11:19,34.55,47.75,BuildingA_Floor1,TypeA
1095,2025-04-06 06:32:51,33.68,54.02,BuildingB_Floor2,TypeB
1062,2025-04-07 00:19:55,22.48,32.66,BuildingB_Floor1,TypeB
1004,2025-04-08 16:27:00,16.16,35.96,BuildingB_Floor1,TypeB
1072,2025-04-09 05:46:50,22.91,63.24,BuildingA_Floor2,TypeA
1057,2025-04-08 05:03:27,21.89,68.61,BuildingA_Floor2,TypeB
1006,2025-04-06 02:27:43,15.13,69.98,BuildingB_Floor2,TypeB
1064,2025-04-10 13:59:49,17.1,41.45,BuildingB_Floor1,TypeA
1032,2025-04-08 04:53:04,20.03,73.16,BuildingB_Floor1,TypeA
1063,2025-04-10 02:17:47,25.22,61.94,BuildingB_Floor1,TypeC
1009,2025-04-09 13:58:17,24.22,45.36,BuildingA_Floor1,TypeC
1026,2025-04-10 11:09:59,18.6,55.98,BuildingA_Floor1,TypeA
1032,2025-04-07 04:06:50,27.73,56.09,BuildingB_Floor2,TypeB
1047,2025-04-09 09:14:09,34.75,58.62,BuildingB_Floor1,TypeA
1034,2025-04-08 19:25:01,22.52,39.71,BuildingB_Floor2,TypeA
1071,2025-04-09 19:59:07,20.09,39.5,BuildingB_Floor2,TypeC
1044,2025-04-06 01:38:58,30.6,66.67,BuildingB_Floor1,TypeB
1033,2025-04-10 18:15:20,26.17,36.56,BuildingA_Floor2,TypeC
1075,2025-04-10 00:07:08,15.82,63.55,BuildingA_Floor2,TypeA
1075,2025-04-10 01:18:31,15.34,34.76,BuildingA_Floor1,TypeB
1063,2025-04-08 04:15:51,15.51,68.35,BuildingA_Floor2,TypeB
1040,2025-04-06 22:26:09,24.81,45.97,BuildingA_Floor1,TypeC
1052,2025-04-06 11:13:40,23.77,36.03,BuildingB_Floor1,TypeB
1038,2025-04-09 03:59:07,30.89,30.78,BuildingB_Floor2,TypeA
1025,2025-04-06 14:48:05,34.62,78.55,BuildingA_Floor2,TypeA
1056,2025-04-09 11:00:08,23.3,73.14,BuildingB_Floor1,TypeC
1041,2025-04-06 20:55:30,34.41,41.73,BuildingB_Floor1,TypeB
1043,2025-04-08 01:59:41,17.72,34.9,BuildingB_Floor1,TypeA
1019,2025-04-07 16:18:00,17.08,38.83,BuildingB_Floor1,TypeB
1073,2025-04-09 06:11:42,21.37,48.26,BuildingA_Floor1,TypeB
1061,2025-04-07 04:21:41,19.35,43.94,BuildingB_Floor2,TypeC
1089,2025-04-06 16:32:34,23.32,67.96,BuildingB_Floor1,TypeB
1060,2025-04-10 02:04:43,16.5,62.22,BuildingA_Floor2,TypeC
1067,2025-04-07 03:34:46,30.57,65.48,BuildingA_Floor2,TypeB
1061,2025-04-08 18:50:20,21.21,43.12,BuildingA_Floor2,TypeA
1040,2025-04-08 02:19:36,26.19,32.96,BuildingB_Floor2,TypeC
1064,2025-04-10 13:11:27,19.15,79.85,BuildingA_Floor2,TypeB
1063,2025-04-10 13:42:49,15.81,56.16,BuildingA_Floor1,TypeA
1045,2025-04-06 15:07:00,15.43,45.14,BuildingA_Floor2,TypeC
1098,2025-04-07 19:13:27,29.1,72.6,BuildingB_Floor1,TypeB
1093,2025-04-08 01:36:18,33.28,33.61,BuildingA_Floor2,TypeA
1085,2025-04-07 16:48:24,27.61,79.53,BuildingA_Floor1,TypeA
1010,2025-04-06 04:39:50,31.46,52.29,BuildingB_Floor2,TypeB
1063,2025-04-10 17:30:03,22.25,74.29,BuildingA_Floor2,TypeC
1077,2025-04-10 10:06:06,31.29,73.52,BuildingB_Floor1,TypeB
1053,2025-04-07 17:21:21,30.32,36.71,BuildingA_Floor1,TypeA
1084,2025-04-06 03:54:18,23.07,43.58,BuildingA_Floor1,TypeC
1061,2025-04-10 18:34:54,27.64,61.9,BuildingA_Floor1,TypeC
1023,2025-04-09 01:22:14,28.01,38.26,BuildingA_Floor2,TypeA
1036,2025-04-08 23:10:42,27.97,70.69,BuildingB_Floor1,TypeC
1057,2025-04-05 22:10:30,21.86,65.7,BuildingA_Floor1,TypeB
1070,2025-04-07 11:58:56,20.96,43.24,BuildingA_Floor2,TypeB
1079,2025-04-07 14:38:17,33.38,48.73,BuildingA_Floor2,TypeA
1045,2025-04-10 07:44:48,15.22,47.57,BuildingA_Floor1,TypeB
1042,2025-04-09 02:13:57,15.56,79.1,BuildingB_Floor1,TypeC
1008,2025-04-09 00:20:23,25.91,43.18,BuildingB_Floor1,TypeB
1063,2025-04-10 19:34:29,23.63,36.79,BuildingA_Floor2,TypeB
1017,2025-04-06 09:31:14,18.09,64.47,BuildingB_Floor2,TypeC
1093,2025-04-07 04:08:11,34.74,61.54,BuildingB_Floor2,TypeB
1090,2025-04-08 14:57:15,23.43,79.62,BuildingB_Floor2,TypeA
1049,2025-04-06 21:11:12,26.7,53.58,BuildingA_Floor2,TypeA
1023,2025-04-10 18:23:57,30.12,70.99,BuildingB_Floor2,TypeC
1068,2025-04-07 18:14:48,26.52,37.52,BuildingA_Floor2,TypeB
1094,2025-04-06 04:41:12,17.86,73.12,BuildingA_Floor1,TypeB
1019,2025-04-10 07:25:09,24.39,64.3,BuildingA_Floor2,TypeB
1057,2025-04-06 00:12:03,18.35,62.79,BuildingB_Floor1,TypeA
1086,2025-04-09 23:36:24,18.17,48.89,BuildingA_Floor2,TypeB
1069,2025-04-06 00:31:54,17.44,74.9,BuildingA_Floor1,TypeA
1044,2025-04-07 15:53:18,15.99,36.69,BuildingB_Floor1,TypeA
1031,2025-04-07 07:44:47,29.25,53.14,BuildingB_Floor1,TypeB
1012,2025-04-10 13:24:42,26.43,65.91,BuildingA_Floor1,TypeA
1012,2025-04-09 03:15:05,17.54,35.89,BuildingB_Floor2,TypeA
1076,2025-04-06 06:41:24,28.32,40.94,BuildingA_Floor1,TypeB
1047,2025-04-08 14:56:39,29.8,51.48,BuildingB_Floor1,TypeB
1087,2025-04-07 12:19:48,34.39,47.5,BuildingA_Floor2,TypeC
1099,2025-04-07 20:56:01,28.23,38.34,BuildingA_Floor1,TypeB
1074,2025-04-09 02:33:08,34.39,69.18,BuildingB_Floor1,TypeC
1033,2025-04-08 09:06:34,30.66,49.03,BuildingB_Floor2,TypeC
1100,2025-04-06 04:52:55,23.73,32.44,BuildingA_Floor2,TypeC
1003,2025-04-08 05:42:34,24.47,56.48,BuildingB_Floor2,TypeC
1043,2025-04-08 09:12:14,16.2,46.77,BuildingA_Floor1,TypeA
1012,2025-04-07 05:21:29,26.14,76.34,BuildingA_Floor2,TypeB
1073,2025-04-08 19:15:09,23.95,32.53,BuildingB_Floor1,TypeC
1085,2025-04-07 06:10:26,15.98,67.07,BuildingA_Floor2,TypeB
1024,2025-04-07 23:29:37,29.89,52.89,BuildingA_Floor2,TypeA
1092,2025-04-08 20:28:43,32.05,47.08,BuildingB_Floor1,TypeA
1080,2025-04-09 03:29:39,16.92,42.51,BuildingA_Floor1,TypeA
1097,2025-04-07 09:57:56,34.42,43.76,BuildingB_Floor2,TypeB
1087,2025-04-08 13:52:41,17.75,63.43,BuildingB_Floor1,TypeC
1086,2025-04-06 05:30:19,25.67,62.1,BuildingA_Floor2,TypeB
1090,2025-04-08 15:21:53,24.48,58.35,BuildingA_Floor1,TypeB
1074,2025-04-10 14:11:33,19.49,72.24,BuildingA_Floor2,TypeB
1023,2025-04-05 22:05:58,18.26,37.4,BuildingA_Floor2,TypeB
1079,2025-04-07 03:00:30,20.07,74.43,BuildingA_Floor2,TypeB
1082,2025-04-06 09:31:03,23.62,57.8,BuildingB_Floor1,TypeA
1035,2025-04-10 10:11:48,26.11,69.14,BuildingA_Floor2,TypeB
1084,2025-04-08 19:42:00,27.35,42.24,BuildingB_Floor2,TypeC
1036,2025-04-06 05:03:32,18.91,38.29,BuildingA_Floor1,TypeA
1005,2025-04-10 08:16:23,29.56,36.69,BuildingB_Floor2,TypeC
1083,2025-04-08 17:35:12,30.64,49.67,BuildingB_Floor2,TypeB
1051,2025-04-09 06:25:22,28.42,38.24,BuildingA_Floor2,TypeB
1025,2025-04-09 06:28:56,20.54,51.72,BuildingA_Floor2,TypeC
1027,2025-04-08 14:53:09,25.55,56.53,BuildingA_Floor1,TypeC
1083,2025-04-08 16:10:28,30.63,61.32,BuildingB_Floor2,TypeB
1014,2025-04-07 15:45:02,27.82,56.62,BuildingB_Floor2,TypeB
1048,2025-04-10 06:58:09,23.07,58.41,BuildingA_Floor2,TypeB
1085,2025-04-06 15:00:12,23.44,77.86,BuildingA_Floor2,TypeA
1068,2025-04-08 00:28:26,20.39,47.16,BuildingA_Floor1,TypeB
1023,2025-04-09 04:57:26,27.27,62.8,BuildingB_Floor1,TypeC
1055,2025-04-07 19:39:58,24.16,68.78,BuildingA_Floor1,TypeB
1078,2025-04-08 09:19:09,32.35,49.73,BuildingA_Floor2,TypeA
1074,2025-04-10 08:16:07,30.59,75.64,BuildingA_Floor2,TypeC
1087,2025-04-07 19:21:15,17.34,56.47,BuildingA_Floor1,TypeB
1002,2025-04-06 10:14:46,28.92,41.07,BuildingA_Floor1,TypeB
1076,2025-04-08 14:52:36,28.95,42.86,BuildingA_Floor2,TypeC
1088,2025-04-06 16:50:56,24.24,32.02,BuildingB_Floor2,TypeA
1065,2025-04-08 22:27:50,16.05,59.77,BuildingA_Floor1,TypeA
1070,2025-04-09 18:40:54,25.06,34.89,BuildingA_Floor2,TypeB
1099,2025-04-10 21:14:15,22.5,74.34,BuildingB_Floor2,TypeA
1043,2025-04-09 23:44:32,18.13,72.49,BuildingB_Floor2,TypeC
1044,2025-04-06 08:59:05,33.64,61.31,BuildingA_Floor1,TypeC
1001,2025-04-10 04:35:55,28.31,38.53,BuildingB_Floor2,TypeA
1008,2025-04-10 00:57:44,33.94,75.68,BuildingB_Floor2,TypeB
1004,2025-04-10 18:18:06,28.65,66.82,BuildingB_Floor1,TypeB
1044,2025-04-10 02:35:02,33.16,39.98,BuildingA_Floor2,TypeB
1051,2025-04-07 04:42:56,31.71,32.81,BuildingB_Floor1,TypeA
1098,2025-04-07 06:55:38,31.6,59.29,BuildingA_Floor2,TypeB
1099,2025-04-09 20:55:14,24.69,45.16,BuildingB_Floor2,TypeB
1059,2025-04-07 12:28:06,30.3,73.31,BuildingA_Floor1,TypeB
1099,2025-04-08 00:49:07,26.81,76.41,BuildingA_Floor1,TypeC
1015,2025-04-08 11:32:23,32.31,69.99,BuildingB_Floor2,TypeA
1005,2025-04-07 01:50:13,27.95,34.46,BuildingA_Floor2,TypeC
1038,2025-04-08 03:23:14,28.23,65.86,BuildingA_Floor1,TypeA
1078,2025-04-06 01:31:18,16.89,40.3,BuildingA_Floor1,TypeB
1033,2025-04-06 13:05:06,21.7,77.07,BuildingB_Floor1,TypeC
1082,2025-04-07 21:53:20,33.12,55.34,BuildingB_Floor2,TypeA
1055,2025-04-10 08:11:07,19.84,52.89,BuildingB_Floor2,TypeC
1040,2025-04-09 04:36:30,25.94,68.9,BuildingB_Floor1,TypeB
1012,2025-04-09 09:35:23,17.13,47.89,BuildingA_Floor1,TypeA
1025,2025-04-06 12:21:25,29.36,40.56,BuildingB_Floor2,TypeA
1080,2025-04-06 10:46:32,22.22,70.35,BuildingB_Floor1,TypeB
1052,2025-04-10 14:52:12,23.58,61.03,BuildingB_Floor2,TypeB
1022,2025-04-07 14:42:47,21.68,66.85,BuildingB_Floor2,TypeA
1007,2025-04-08 13:42:44,21.83,77.99,BuildingA_Floor2,TypeB
1052,2025-04-09 23:21:54,34.9,44.19,BuildingA_Floor1,TypeB
1033,2025-04-07 13:45:15,21.29,73.3,BuildingB_Floor2,TypeC
1098,2025-04-08 05:21:53,26.79,62.24,BuildingA_Floor1,TypeA
1003,2025-04-06 03:15:52,18.35,35.29,BuildingA_Floor1,TypeC
1075,2025-04-08 05:18:31,32.05,31.9,BuildingB_Floor2,TypeC
1095,2025-04-08 14:42:57,33.58,45.84,BuildingA_Floor1,TypeB
1083,2025-04-07 22:21:14,34.01,53.92,BuildingB_Floor1,TypeC
1063,2025-04-07 19:30:32,24.42,61.14,BuildingA_Floor2,TypeA
1039,2025-04-08 10:32:54,28.03,62.19,BuildingB_Floor1,TypeB
1015,2025-04-08 15:12:32,17.31,36.62,BuildingA_Floor1,TypeA
1066,2025-04-07 13:23:34,20.41,58.19,BuildingB_Floor2,TypeC
1042,2025-04-09 12:16:19,24.33,62.43,BuildingB_Floor1,TypeA
1047,2025-04-07 10:37:59,34.14,47.82,BuildingB_Floor2,TypeC
1093,2025-04-10 04:03:26,34.36,50.35,BuildingA_Floor2,TypeC
1031,2025-04-07 06:15:30,32.09,30.1,BuildingA_Floor2,TypeB
1060,2025-04-07 06:23:37,20.99,44.05,BuildingA_Floor2,TypeA
1036,2025-04-06 09:47:31,27.64,71.49,BuildingB_Floor2,TypeC
1058,2025-04-05 23:25:28,18.25,55.54,BuildingB_Floor1,TypeA
1063,2025-04-08 07:39:13,22.68,34.28,BuildingA_Floor1,TypeA
1015,2025-04-09 07:16:01,19.03,36.74,BuildingA_Floor2,TypeA
1027,2025-04-09 05:24:35,34.85,51.22,BuildingA_Floor2,TypeC
1083,2025-04-10 13:22:16,22.06,61.04,BuildingB_Floor2,TypeA
1081,2025-04-07 09:12:00,16.75,31.72,BuildingB_Floor2,TypeB
1089,2025-04-08 12:03:22,31.22,69.37,BuildingB_Floor2,TypeA
1024,2025-04-07 04:32:52,30.57,79.16,BuildingA_Floor2,TypeB
1057,2025-04-06 00:03:39,22.56,53.87,BuildingB_Floor1,TypeA
1031,2025-04-09 11:46:38,27.72,31.23,BuildingB_Floor1,TypeA
1027,2025-04-06 22:44:11,26.49,59.44,BuildingA_Floor1,TypeB
1006,2025-04-06 14:28:41,32.66,64.68,BuildingB_Floor1,TypeA
1048,2025-04-06 03:54:46,20.2,43.51,BuildingB_Floor2,TypeC
1071,2025-04-05 23:58:16,21.45,33.18,BuildingB_Floor2,TypeB
1035,2025-04-09 13:41:08,29.1,37.49,BuildingA_Floor1,TypeB
1056,2025-04-09 00:28:08,20.27,38.32,BuildingA_Floor2,TypeC
1066,2025-04-07 15:59:52,25.95,58.14,BuildingA_Floor1,TypeA
1095,2025-04-09 16:18:01,25.03,59.55,BuildingB_Floor1,TypeA
1088,2025-04-06 23:51:19,29.73,40.37,BuildingB_Floor2,TypeA
1039,2025-04-07 06:04:05,34.24,78.68,BuildingB_Floor2,TypeC
1025,2025-04-07 13:58:04,19.2,31.8,BuildingB_Floor1,TypeA
1016,2025-04-09 11:08:33,32.99,59.27,BuildingA_Floor2,TypeB
1007,2025-04-09 02:31:34,31.85,39.14,BuildingA_Floor2,TypeA
1015,2025-04-09 17:17:30,25.6,40.53,BuildingA_Floor1,TypeA
1035,2025-04-10 12:03:18,16.2,72.76,BuildingA_Floor1,TypeC
1026,2025-04-09 22:37:25,21.35,41.96,BuildingA_Floor1,TypeA
1065,2025-04-10 08:39:51,26.13,79.83,BuildingB_Floor2,TypeB
1063,2025-04-07 03:55:24,29.7,34.11,BuildingA_Floor2,TypeA
1073,2025-04-10 09:02:13,24.91,76.98,BuildingB_Floor2,TypeB
1060,2025-04-08 13:12:48,31.95,56.31,BuildingB_Floor1,TypeB
1032,2025-04-10 08:03:29,20.85,69.87,BuildingA_Floor2,TypeA
1093,2025-04-06 02:32:47,33.17,44.93,BuildingB_Floor1,TypeC
1083,2025-04-08 21:54:46,29.01,32.4,BuildingB_Floor1,TypeB
1051,2025-04-07 22:31:10,23.38,51.4,BuildingA_Floor2,TypeC
1016,2025-04-08 20:19:05,19.12,43.74,BuildingA_Floor1,TypeB
1020,2025-04-10 18:23:29,30.86,32.26,BuildingA_Floor1,TypeA
1093,2025-04-06 02:16:41,32.93,72.42,BuildingB_Floor1,TypeB
1040,2025-04-09 20:31:26,17.5,48.67,BuildingA_Floor1,TypeB
1054,2025-04-06 04:44:49,28.24,58.36,BuildingB_Floor2,TypeC
1005,2025-04-10 07:06:56,19.71,44.6,BuildingA_Floor2,TypeC
1089,2025-04-06 13:21:07,28.39,52.66,BuildingA_Floor1,TypeA
1078,2025-04-06 14:34:32,16.84,45.2,BuildingB_Floor1,TypeB
1093,2025-04-09 11:13:06,17.03,48.96,BuildingA_Floor2,TypeA
1076,2025-04-08 16:54:39,21.07,30.16,BuildingA_Floor1,TypeB
1025,2025-04-09 16:27:39,27.04,36.15,BuildingA_Floor2,TypeA
1007,2025-04-07 08:19:44,20.15,30.29,BuildingA_Floor2,TypeC
1047,2025-04-06 14:40:00,24.92,35.85,BuildingB_Floor1,TypeB
1098,2025-04-08 15:48:11,19.11,66.24,BuildingA_Floor2,TypeB
1028,2025-04-08 17:21:49,32.54,46.95,BuildingB_Floor1,TypeC
1033,2025-04-05 21:27:41,16.76,42.13,BuildingB_Floor2,TypeA
1065,2025-04-10 11:49:07,21.99,56.2,BuildingB_Floor1,TypeB
1077,2025-04-09 00:47:32,26.13,79.67,BuildingA_Floor1,TypeB
1094,2025-04-09 18:43:14,34.6,57.5,BuildingB_Floor1,TypeC
1081,2025-04-10 11:48:54,32.37,78.55,BuildingA_Floor2,TypeA
1068,2025-04-07 15:47:14,17.99,53.77,BuildingB_Floor1,TypeA
1092,2025-04-10 13:25:04,15.08,66.93,BuildingB_Floor2,TypeC
1077,2025-04-07 00:57:24,27.0,69.06,BuildingB_Floor1,TypeB
1042,2025-04-09 23:58:50,26.17,41.62,BuildingA_Floor2,TypeC
1084,2025-04-07 18:57:04,29.04,40.34,BuildingB_Floor2,TypeB
1006,2025-04-10 09:25:24,30.07,79.58,BuildingA_Floor2,TypeA
1089,2025-04-08 09:50:03,16.37,70.27,BuildingB_Floor1,TypeA
1034,2025-04-09 14:42:11,29.67,36.95,BuildingA_Floor1,TypeA
1003,2025-04-09 01:20:35,26.58,49.31,BuildingB_Floor2,TypeA
1044,2025-04-08 10:25:33,24.47,37.96,BuildingA_Floor1,TypeA
1076,2025-04-06 05:08:57,27.9,37.63,BuildingB_Floor2,TypeB
1012,2025-04-10 14:15:24,33.63,65.26,BuildingA_Floor2,TypeA
1020,2025-04-09 14:56:04,30.18,75.84,BuildingB_Floor1,TypeB
1034,2025-04-07 11:42:01,31.15,47.83,BuildingA_Floor2,TypeB
1038,2025-04-10 20:51:21,34.59,49.77,BuildingA_Floor1,TypeC
1031,2025-04-08 09:27:48,28.22,67.77,BuildingA_Floor2,TypeA
1053,2025-04-09 07:53:06,28.8,50.07,BuildingB_Floor1,TypeB
1079,2025-04-09 21:26:32,15.4,47.13,BuildingA_Floor1,TypeA
1004,2025-04-07 12:47:41,22.81,62.14,BuildingB_Floor1,TypeA
1061,2025-04-09 17:42:32,22.6,75.47,BuildingA_Floor2,TypeA
1029,2025-04-06 01:47:33,20.94,71.99,BuildingA_Floor2,TypeA
1089,2025-04-08 06:11:55,21.78,59.86,BuildingB_Floor1,TypeC
1013,2025-04-06 09:02:44,32.39,56.93,BuildingB_Floor2,TypeA
1079,2025-04-06 12:54:04,27.83,32.21,BuildingB_Floor1,TypeA
1080,2025-04-09 00:27:19,17.41,75.2,BuildingB_Floor2,TypeB
1059,2025-04-07 07:38:26,18.58,70.18,BuildingB_Floor1,TypeB
1063,2025-04-06 01:14:43,16.3,34.95,BuildingB_Floor1,TypeC
1009,2025-04-09 01:09:58,33.68,35.55,BuildingB_Floor2,TypeB
1007,2025-04-10 06:24:27,34.52,56.85,BuildingB_Floor2,TypeC
1010,2025-04-08 23:21:50,22.43,34.06,BuildingA_Floor1,TypeB
1089,2025-04-09 15:08:11,22.34,57.31,BuildingA_Floor1,TypeB
1072,2025-04-09 08:35:22,20.85,79.58,BuildingB_Floor1,TypeB
1095,2025-04-08 02:14:44,18.64,58.36,BuildingB_Floor2,TypeB
1079,2025-04-09 08:52:39,20.22,46.9,BuildingB_Floor1,TypeA
1033,2025-04-07 18:54:02,23.01,56.13,BuildingA_Floor1,TypeC
1067,2025-04-08 09:05:50,25.08,54.71,BuildingA_Floor1,TypeA
1024,2025-04-10 00:29:43,24.05,65.18,BuildingA_Floor2,TypeB
1076,2025-04-09 03:07:31,20.8,34.21,BuildingA_Floor2,TypeB
1045,2025-04-08 01:50:38,29.82,58.48,BuildingA_Floor1,TypeA
1095,2025-04-06 18:27:05,22.1,33.69,BuildingB_Floor2,TypeC
1043,2025-04-07 12:23:21,17.22,53.36,BuildingA_Floor2,TypeB
1022,2025-04-06 00:49:18,26.84,43.12,BuildingB_Floor2,TypeB
1004,2025-04-08 09:34:26,33.62,70.8,BuildingA_Floor2,TypeB
1017,2025-04-09 15:39:30,27.54,47.08,BuildingA_Floor1,TypeA
1004,2025-04-08 22:37:09,29.1,59.21,BuildingA_Floor1,TypeA
1073,2025-04-07 21:17:32,20.32,51.39,BuildingB_Floor1,TypeC
1028,2025-04-07 18:40:08,30.95,72.76,BuildingB_Floor1,TypeB
1040,2025-04-07 20:53:19,34.0,43.6,BuildingA_Floor1,TypeC
1038,2025-04-09 14:17:03,24.77,45.0,BuildingA_Floor2,TypeB
1009,2025-04-09 22:00:28,31.58,74.35,BuildingB_Floor1,TypeA
1061,2025-04-07 19:36:18,24.44,63.19,BuildingB_Floor1,TypeC
1032,2025-04-06 15:30:04,33.41,38.1,BuildingA_Floor2,TypeB
1037,2025-04-10 07:28:17,26.3,32.82,BuildingB_Floor1,TypeA
1099,2025-04-09 22:33:58,31.94,35.58,BuildingA_Floor2,TypeA
1050,2025-04-09 18:50:19,29.56,71.47,BuildingA_Floor1,TypeB
1097,2025-04-08 22:25:23,29.08,37.54,BuildingA_Floor2,TypeA
1005,2025-04-10 15:03:02,24.84,44.55,BuildingA_Floor2,TypeA
1018,2025-04-09 16:32:20,20.16,52.38,BuildingA_Floor1,TypeB
1059,2025-04-08 07:08:20,26.7,31.38,BuildingA_Floor1,TypeB
1091,2025-04-07 08:20:06,26.31,69.44,BuildingB_Floor2,TypeA
1053,2025-04-09 18:09:39,18.4,53.68,BuildingB_Floor2,TypeA
1066,2025-04-06 21:58:45,30.11,36.49,BuildingA_Floor2,TypeC
1079,2025-04-05 23:48:33,28.1,35.26,BuildingA_Floor1,TypeB
1045,2025-04-06 21:23:42,21.86,69.57,BuildingB_Floor1,TypeA
1024,2025-04-07 02:11:52,26.73,42.82,BuildingB_Floor1,TypeC
1085,2025-04-08 04:58:18,30.57,72.89,BuildingA_Floor1,TypeC
1008,2025-04-09 23:44:48,23.25,69.35,BuildingA_Floor2,TypeC
1024,2025-04-09 20:41:50,34.31,63.98,BuildingB_Floor1,TypeC
1065,2025-04-06 09:00:01,21.48,75.04,BuildingB_Floor1,TypeC
1072,2025-04-09 22:30:25,19.86,31.09,BuildingB_Floor1,TypeC
1004,2025-04-08 16:12:51,34.25,58.89,BuildingA_Floor2,TypeC
1030,2025-04-07 03:01:14,23.68,42.51,BuildingB_Floor1,TypeB
1069,2025-04-08 11:40:37,21.69,35.09,BuildingA_Floor1,TypeA
1010,2025-04-09 07:37:58,19.62,39.87,BuildingB_Floor1,TypeC
1099,2025-04-07 00:15:22,23.08,75.39,BuildingB_Floor1,TypeC
1004,2025-04-10 15:00:43,34.69,45.85,BuildingA_Floor2,TypeA
1088,2025-04-07 12:13:43,29.39,76.06,BuildingB_Floor1,TypeC
1019,2025-04-06 20:56:46,32.99,74.97,BuildingA_Floor1,TypeC
1099,2025-04-08 06:39:41,32.44,52.87,BuildingA_Floor2,TypeC
1047,2025-04-08 19:39:07,24.13,48.89,BuildingB_Floor1,TypeA
1015,2025-04-10 09:58:57,33.66,31.01,BuildingB_Floor1,TypeA
1053,2025-04-07 06:48:55,29.83,55.06,BuildingB_Floor1,TypeC
1095,2025-04-08 07:08:34,25.14,71.21,BuildingA_Floor1,TypeB
1043,2025-04-08 09:55:22,24.5,55.09,BuildingB_Floor2,TypeC
1019,2025-04-09 11:19:49,33.03,41.28,BuildingB_Floor2,TypeA
1033,2025-04-07 01:31:29,18.98,43.76,BuildingB_Floor1,TypeB
1047,2025-04-06 16:37:15,24.4,42.92,BuildingA_Floor1,TypeC
1047,2025-04-07 13:33:21,32.38,76.55,BuildingB_Floor1,TypeC
1043,2025-04-08 17:46:12,16.84,47.98,BuildingA_Floor1,TypeB
1053,2025-04-06 01:45:42,33.93,44.44,BuildingB_Floor1,TypeA
1089,2025-04-08 08:31:19,16.68,40.92,BuildingB_Floor1,TypeC
1020,2025-04-08 08:31:01,20.18,41.86,BuildingB_Floor2,TypeB
1003,2025-04-08 23:21:47,19.88,68.37,BuildingA_Floor2,TypeC
1036,2025-04-09 20:35:40,17.64,74.76,BuildingA_Floor2,TypeB
1046,2025-04-07 02:49:24,31.57,53.54,BuildingB_Floor2,TypeA
1040,2025-04-10 21:13:20,26.63,73.28,BuildingB_Floor2,TypeC
1053,2025-04-07 21:40:12,27.15,35.08,BuildingA_Floor2,TypeB
1073,2025-04-09 12:22:26,20.09,79.58,BuildingB_Floor1,TypeA
1082,2025-04-08 18:13:55,24.12,34.95,BuildingB_Floor1,TypeA
1034,2025-04-09 17:30:29,19.54,60.6,BuildingA_Floor2,TypeC
1063,2025-04-10 09:53:41,24.64,71.99,BuildingA_Floor2,TypeB
1085,2025-04-08 07:28:00,29.52,35.43,BuildingA_Floor1,TypeC
1070,2025-04-06 05:52:53,34.9,55.45,BuildingA_Floor1,TypeB
1096,2025-04-07 13:49:42,25.62,61.56,BuildingB_Floor2,TypeA
1098,2025-04-07 13:54:50,16.96,61.68,BuildingB_Floor2,TypeC
1035,2025-04-07 18:52:05,23.04,33.51,BuildingA_Floor1,TypeB
1059,2025-04-10 03:27:10,30.83,57.47,BuildingA_Floor2,TypeA
1046,2025-04-07 14:46:48,28.29,30.31,BuildingA_Floor2,TypeC
1002,2025-04-10 09:29:13,24.14,72.44,BuildingA_Floor2,TypeB
1043,2025-04-09 15:02:33,26.65,72.69,BuildingB_Floor2,TypeA
1079,2025-04-07 14:59:41,33.12,63.21,BuildingB_Floor1,TypeB
1008,2025-04-10 03:53:00,20.19,60.61,BuildingB_Floor1,TypeC
1016,2025-04-07 03:31:06,25.96,69.21,BuildingA_Floor2,TypeA
1054,2025-04-06 22:02:36,16.78,43.92,BuildingB_Floor1,TypeB
1047,2025-04-09 21:24:00,33.5,59.49,BuildingA_Floor1,TypeB
1049,2025-04-06 20:07:11,16.54,57.62,BuildingB_Floor1,TypeB
1034,2025-04-07 01:30:39,24.54,43.98,BuildingB_Floor1,TypeB
1099,2025-04-08 12:30:59,22.7,64.38,BuildingA_Floor2,TypeA
1069,2025-04-07 16:53:03,30.56,35.88,BuildingB_Floor2,TypeB
1079,2025-04-09 12:20:30,27.86,50.68,BuildingA_Floor1,TypeA
1090,2025-04-06 18:08:00,17.75,54.53,BuildingB_Floor1,TypeA
1019,2025-04-10 12:49:20,30.23,68.07,BuildingA_Floor2,TypeC
1026,2025-04-09 06:31:45,34.45,35.27,BuildingB_Floor1,TypeA
1094,2025-04-08 04:42:00,32.34,64.1,BuildingA_Floor2,TypeB
1021,2025-04-08 15:16:04,15.7,36.4,BuildingA_Floor1,TypeC
1048,2025-04-08 15:49:25,19.09,61.05,BuildingB_Floor1,TypeC
1047,2025-04-07 00:14:27,23.99,66.09,BuildingA_Floor1,TypeB
1054,2025-04-10 03:58:31,17.23,31.77,BuildingB_Floor1,TypeB
1006,2025-04-10 12:51:56,30.48,41.79,BuildingB_Floor2,TypeA
1056,2025-04-07 09:57:06,17.34,35.43,BuildingB_Floor2,TypeB
1088,2025-04-07 14:56:40,33.29,46.59,BuildingA_Floor2,TypeA
1006,2025-04-09 21:11:32,25.28,75.14,BuildingB_Floor1,TypeC
1037,2025-04-10 18:09:38,15.39,56.12,BuildingB_Floor2,TypeC
1006,2025-04-06 13:18:56,26.74,68.24,BuildingA_Floor2,TypeA
1094,2025-04-07 22:17:10,22.06,64.75,BuildingB_Floor2,TypeB
1081,2025-04-07 06:35:18,29.93,59.93,BuildingA_Floor2,TypeB
1027,2025-04-07 18:04:56,30.01,51.82,BuildingB_Floor1,TypeA
1057,2025-04-09 13:47:46,33.72,72.54,BuildingA_Floor1,TypeA
1092,2025-04-09 21:38:51,23.42,49.37,BuildingB_Floor1,TypeC
1022,2025-04-08 19:43:46,30.33,46.51,BuildingA_Floor1,TypeC
1067,2025-04-06 15:59:25,29.02,31.58,BuildingB_Floor1,TypeB
1021,2025-04-07 02:26:06,34.47,37.12,BuildingA_Floor2,TypeC
1046,2025-04-09 23:22:48,25.11,71.04,BuildingA_Floor1,TypeB
1021,2025-04-10 13:31:32,21.72,68.98,BuildingA_Floor1,TypeC
1099,2025-04-06 07:35:53,30.77,39.07,BuildingB_Floor1,TypeB
1034,2025-04-09 10:57:29,20.53,68.1,BuildingA_Floor2,TypeC
1073,2025-04-06 23:30:31,17.11,70.52,BuildingA_Floor2,TypeA
1012,2025-04-07 15:01:30,29.45,61.22,BuildingA_Floor2,TypeA
1011,2025-04-09 16:52:37,31.13,65.81,BuildingB_Floor1,TypeB
1022,2025-04-09 19:11:46,20.54,67.94,BuildingB_Floor1,TypeC
1017,2025-04-08 17:42:52,18.38,62.54,BuildingA_Floor2,TypeC
1049,2025-04-06 01:35:39,32.87,35.16,BuildingA_Floor2,TypeB
1009,2025-04-10 21:12:49,17.2,60.21,BuildingB_Floor1,TypeA
1064,2025-04-09 07:01:35,21.13,66.22,BuildingA_Floor2,TypeC
1056,2025-04-06 20:20:56,32.86,65.94,BuildingB_Floor1,TypeB
1070,2025-04-08 15:49:01,15.32,66.91,BuildingB_Floor2,TypeA
1033,2025-04-08 20:12:17,16.74,70.88,BuildingB_Floor2,TypeC
1072,2025-04-09 01:01:06,32.39,56.07,BuildingB_Floor1,TypeB
1055,2025-04-08 12:49:03,27.18,78.24,BuildingA_Floor1,TypeC
1024,2025-04-07 02:02:53,29.76,75.71,BuildingB_Floor1,TypeC
1032,2025-04-07 04:52:29,30.5,76.05,BuildingA_Floor1,TypeC
1014,2025-04-09 01:37:44,19.4,70.88,BuildingA_Floor1,TypeB
1057,2025-04-10 03:50:31,19.57,67.4,BuildingB_Floor1,TypeB
1076,2025-04-07 02:25:37,19.92,71.15,BuildingB_Floor1,TypeA
1079,2025-04-10 00:24:49,29.57,38.91,BuildingA_Floor1,TypeC
1099,2025-04-10 11:41:27,27.96,72.04,BuildingA_Floor2,TypeC
1002,2025-04-09 12:00:25,28.2,72.14,BuildingA_Floor1,TypeA
1081,2025-04-08 20:17:51,19.9,54.84,BuildingB_Floor1,TypeA
1021,2025-04-08 06:09:31,19.19,56.25,BuildingA_Floor2,TypeB
1093,2025-04-05 22:32:54,33.46,30.26,BuildingA_Floor1,TypeC
1063,2025-04-07 17:16:16,34.91,53.0,BuildingA_Floor1,TypeB
1046,2025-04-06 20:12:19,34.89,47.34,BuildingA_Floor2,TypeB
1022,2025-04-09 10:05:48,30.2,52.49,BuildingA_Floor2,TypeB
1026,2025-04-07 10:38:00,30.43,34.57,BuildingB_Floor1,TypeA
1081,2025-04-09 13:55:21,23.94,65.59,BuildingB_Floor2,TypeB
1003,2025-04-06 19:57:16,24.24,63.14,BuildingA_Floor2,TypeB
1043,2025-04-10 04:28:26,20.92,48.23,BuildingA_Floor1,TypeC
1013,2025-04-10 18:48:05,18.46,78.56,BuildingA_Floor2,TypeB
1000,2025-04-08 04:09:23,23.54,56.16,BuildingA_Floor2,TypeA
1004,2025-04-09 20:51:43,34.1,56.41,BuildingA_Floor2,TypeC
1070,2025-04-09 03:23:54,32.86,73.8,BuildingA_Floor2,TypeC
1098,2025-04-10 14:24:48,18.71,72.15,BuildingA_Floor2,TypeB
1001,2025-04-09 07:49:19,31.35,47.63,BuildingB_Floor1,TypeC
1032,2025-04-08 02:28:39,31.56,69.19,BuildingA_Floor1,TypeB
1034,2025-04-09 13:17:59,23.89,58.52,BuildingA_Floor2,TypeC
1016,2025-04-07 05:43:02,21.62,47.01,BuildingB_Floor2,TypeA
1042,2025-04-09 05:24:52,24.21,43.08,BuildingA_Floor2,TypeA
1071,2025-04-08 13:00:29,30.21,75.52,BuildingB_Floor2,TypeC
1087,2025-04-08 02:26:40,33.5,63.79,BuildingA_Floor1,TypeB
1013,2025-04-08 20:35:08,33.8,68.9,BuildingA_Floor2,TypeB
1098,2025-04-10 10:58:26,19.69,49.15,BuildingB_Floor1,TypeB
1081,2025-04-06 07:12:38,20.91,74.23,BuildingB_Floor2,TypeB
1044,2025-04-09 23:58:16,23.04,67.0,BuildingB_Floor1,TypeC
1088,2025-04-10 17:27:29,22.74,72.63,BuildingB_Floor2,TypeB
1079,2025-04-08 05:35:13,29.41,30.99,BuildingB_Floor1,TypeB
1046,2025-04-09 09:02:59,21.94,77.28,BuildingA_Floor2,TypeA
1025,2025-04-08 07:02:52,34.52,42.58,BuildingA_Floor2,TypeC
1083,2025-04-09 11:55:01,18.5,45.1,BuildingA_Floor1,TypeC
1001,2025-04-10 17:19:00,30.59,74.96,BuildingB_Floor2,TypeC
1080,2025-04-08 07:35:53,28.8,75.14,BuildingB_Floor1,TypeB
1076,2025-04-09 14:20:15,32.49,59.69,BuildingA_Floor1,TypeB
1093,2025-04-09 05:19:48,33.64,72.42,BuildingA_Floor2,TypeA
1039,2025-04-09 13:43:02,19.14,72.29,BuildingA_Floor2,TypeA
1082,2025-04-08 16:33:52,23.33,51.92,BuildingB_Floor2,TypeA
1065,2025-04-06 11:53:05,30.09,50.47,BuildingA_Floor2,TypeA
1006,2025-04-06 08:41:55,17.1,68.86,BuildingA_Floor1,TypeC
1031,2025-04-09 10:16:55,28.88,34.8,BuildingB_Floor1,TypeC
1047,2025-04-09 13:42:15,15.78,58.7,BuildingA_Floor1,TypeA
1100,2025-04-06 00:23:42,16.6,34.81,BuildingA_Floor1,TypeC
1027,2025-04-09 03:38:41,18.96,32.27,BuildingB_Floor2,TypeC
1005,2025-04-09 21:54:32,16.14,46.72,BuildingA_Floor1,TypeC
1082,2025-04-06 19:25:18,18.42,76.93,BuildingB_Floor2,TypeB
1028,2025-04-09 04:40:41,27.0,48.13,BuildingB_Floor2,TypeB
1049,2025-04-08 01:05:24,20.24,52.15,BuildingB_Floor1,TypeB
1035,2025-04-09 06:11:39,16.57,73.51,BuildingA_Floor1,TypeC
1041,2025-04-06 07:34:14,23.76,76.03,BuildingA_Floor2,TypeB
1062,2025-04-10 19:41:48,23.12,76.61,BuildingA_Floor2,TypeB
1083,2025-04-07 02:14:18,31.89,44.09,BuildingA_Floor2,TypeB
1078,2025-04-10 10:57:52,26.89,59.63,BuildingB_Floor1,TypeA
1068,2025-04-10 08:42:38,28.03,39.76,BuildingB_Floor1,TypeB
1013,2025-04-05 22:42:30,19.94,48.08,BuildingA_Floor1,TypeB
1048,2025-04-08 09:57:09,31.97,52.06,BuildingB_Floor2,TypeA
1032,2025-04-07 16:25:25,25.99,39.33,BuildingB_Floor1,TypeC
1003,2025-04-10 03:15:06,26.26,66.99,BuildingA_Floor2,TypeC
1034,2025-04-10 02:55:17,30.69,45.49,BuildingB_Floor2,TypeB
1031,2025-04-06 07:54:56,33.89,32.64,BuildingB_Floor1,TypeC
1037,2025-04-08 11:59:55,23.1,58.77,BuildingB_Floor1,TypeA
1006,2025-04-10 06:46:03,26.44,67.87,BuildingA_Floor1,TypeA
1027,2025-04-09 14:31:51,28.82,56.97,BuildingB_Floor1,TypeC
1087,2025-04-09 13:11:57,15.83,35.63,BuildingA_Floor1,TypeB
1096,2025-04-07 13:09:35,23.73,73.37,BuildingB_Floor2,TypeC
1058,2025-04-09 05:13:52,27.24,67.65,BuildingB_Floor2,TypeA
1016,2025-04-07 21:58:43,26.67,73.37,BuildingB_Floor2,TypeC
1061,2025-04-10 17:30:38,21.38,60.14,BuildingB_Floor2,TypeB
1017,2025-04-08 19:13:45,25.36,67.01,BuildingB_Floor2,TypeA
1081,2025-04-07 02:03:41,28.47,74.8,BuildingA_Floor2,TypeA
1025,2025-04-08 21:24:35,23.07,37.39,BuildingA_Floor2,TypeB
1065,2025-04-09 14:03:16,34.6,46.08,BuildingB_Floor1,TypeA
1069,2025-04-07 12:43:57,32.66,73.46,BuildingB_Floor2,TypeB
1044,2025-04-07 03:07:34,32.35,52.25,BuildingA_Floor1,TypeB
1024,2025-04-06 01:16:43,16.94,49.49,BuildingA_Floor2,TypeA
1044,2025-04-09 23:44:36,28.55,45.71,BuildingB_Floor2,TypeA
1062,2025-04-07 01:49:37,23.47,79.41,BuildingA_Floor2,TypeB
1077,2025-04-07 02:28:45,24.13,39.92,BuildingA_Floor2,TypeA
1068,2025-04-10 20:45:51,27.3,30.19,BuildingA_Floor2,TypeB
1062,2025-04-10 18:02:37,25.23,55.31,BuildingA_Floor2,TypeA
1039,2025-04-09 10:25:27,32.9,33.61,BuildingA_Floor2,TypeC
1035,2025-04-08 15:24:48,19.56,51.43,BuildingA_Floor1,TypeB
1053,2025-04-06 07:16:19,21.18,66.5,BuildingB_Floor2,TypeB
1077,2025-04-09 13:50:23,28.34,68.49,BuildingA_Floor2,TypeC
1024,2025-04-09 15:40:22,17.43,66.24,BuildingA_Floor1,TypeB
1004,2025-04-08 01:31:07,23.85,43.81,BuildingA_Floor1,TypeB
1050,2025-04-09 12:08:08,25.0,54.82,BuildingA_Floor2,TypeC
1092,2025-04-09 03:56:38,21.64,36.15,BuildingA_Floor1,TypeA
1010,2025-04-07 10:36:59,21.65,77.34,BuildingB_Floor1,TypeC
1073,2025-04-08 14:41:38,20.04,78.48,BuildingB_Floor2,TypeB
1077,2025-04-07 06:03:10,29.64,39.13,BuildingB_Floor1,TypeC
1070,2025-04-07 10:50:35,26.68,39.93,BuildingB_Floor2,TypeB
1100,2025-04-06 10:50:15,29.01,58.43,BuildingB_Floor2,TypeC
1027,2025-04-10 13:25:41,20.67,72.01,BuildingB_Floor2,TypeB
1021,2025-04-07 16:24:38,34.08,33.33,BuildingB_Floor2,TypeA
1081,2025-04-09 20:24:35,20.31,67.62,BuildingA_Floor1,TypeB
1003,2025-04-07 08:19:46,25.88,60.78,BuildingB_Floor1,TypeC
1078,2025-04-06 09:27:30,25.75,40.11,BuildingB_Floor1,TypeA
1087,2025-04-09 00:31:04,32.52,53.05,BuildingA_Floor1,TypeB
1053,2025-04-10 01:14:43,30.05,73.42,BuildingA_Floor2,TypeA
1039,2025-04-10 14:53:33,28.67,47.23,BuildingA_Floor2,TypeB
1011,2025-04-07 17:51:04,15.93,76.63,BuildingA_Floor2,TypeA
1064,2025-04-06 02:36:53,15.26,42.0,BuildingB_Floor2,TypeC
1002,2025-04-09 22:39:40,28.64,72.99,BuildingB_Floor1,TypeA
1023,2025-04-06 13:02:26,34.01,40.94,BuildingA_Floor2,TypeA
1017,2025-04-07 06:29:33,20.81,68.71,BuildingB_Floor2,TypeA
1098,2025-04-09 17:00:40,23.83,58.28,BuildingB_Floor2,TypeC
1037,2025-04-09 20:59:21,26.39,65.9,BuildingA_Floor2,TypeA
1090,2025-04-08 09:52:31,34.52,57.7,BuildingB_Floor2,TypeC
1079,2025-04-08 14:06:50,24.84,54.15,BuildingB_Floor2,TypeC
1092,2025-04-10 03:58:46,21.15,76.49,BuildingA_Floor2,TypeC
1088,2025-04-07 06:16:30,22.44,49.73,BuildingB_Floor1,TypeC
1032,2025-04-07 14:19:06,21.54,31.21,BuildingB_Floor2,TypeA
1049,2025-04-10 09:52:25,18.2,59.77,BuildingB_Floor2,TypeA
1020,2025-04-10 10:31:09,32.07,69.45,BuildingA_Floor1,TypeB
1013,2025-04-08 08:26:20,15.44,57.51,BuildingA_Floor2,TypeA
1058,2025-04-08 07:04:56,19.11,45.78,BuildingA_Floor1,TypeB
1027,2025-04-07 14:38:38,19.37,67.47,BuildingA_Floor2,TypeC
1016,2025-04-09 14:14:20,34.68,62.32,BuildingB_Floor1,TypeA
1029,2025-04-10 13:14:39,31.94,57.85,BuildingB_Floor1,TypeC
1097,2025-04-08 07:15:32,15.79,66.97,BuildingA_Floor1,TypeA
1097,2025-04-06 16:39:22,29.48,41.25,BuildingA_Floor1,TypeB
1011,2025-04-09 19:02:31,26.09,58.51,BuildingB_Floor1,TypeC
1038,2025-04-06 06:19:31,21.83,35.96,BuildingB_Floor1,TypeB
1075,2025-04-07 05:57:32,21.32,50.96,BuildingB_Floor2,TypeC
1014,2025-04-06 02:09:56,27.31,55.99,BuildingA_Floor1,TypeC
1090,2025-04-06 15:33:23,32.94,37.07,BuildingA_Floor2,TypeB
1048,2025-04-06 00:45:36,15.86,63.23,BuildingA_Floor2,TypeB
1031,2025-04-06 13:33:47,33.44,46.06,BuildingA_Floor1,TypeC
1051,2025-04-09 20:05:37,25.4,47.89,BuildingB_Floor1,TypeA
1060,2025-04-06 22:32:39,17.72,34.54,BuildingA_Floor2,TypeB
1023,2025-04-09 14:39:08,32.79,76.66,BuildingA_Floor1,TypeB
1061,2025-04-08 09:46:03,17.9,70.62,BuildingA_Floor1,TypeC
1092,2025-04-06 18:11:33,26.27,54.03,BuildingB_Floor1,TypeA
1085,2025-04-09 10:25:25,22.88,62.8,BuildingA_Floor2,TypeB
1037,2025-04-06 11:32:06,31.02,55.65,BuildingA_Floor2,TypeC
1016,2025-04-09 16:18:17,32.43,60.09,BuildingB_Floor2,TypeA
1052,2025-04-09 07:49:39,20.44,65.73,BuildingB_Floor2,TypeA
1080,2025-04-06 05:09:10,22.23,63.03,BuildingB_Floor2,TypeC
1058,2025-04-08 10:04:49,34.11,69.38,BuildingB_Floor1,TypeB
1010,2025-04-08 21:04:24,17.0,74.67,BuildingB_Floor1,TypeC
1025,2025-04-07 00:20:41,26.37,44.68,BuildingA_Floor2,TypeB
1097,2025-04-06 15:33:37,26.1,38.74,BuildingB_Floor2,TypeC
1050,2025-04-06 00:11:10,19.83,77.16,BuildingA_Floor2,TypeB
1056,2025-04-06 23:25:06,34.17,76.17,BuildingB_Floor2,TypeC
1023,2025-04-08 09:12:14,15.93,75.92,BuildingB_Floor1,TypeC
1058,2025-04-08 21:33:08,19.38,50.93,BuildingB_Floor1,TypeB
1017,2025-04-07 01:05:47,15.44,55.23,BuildingB_Floor1,TypeA
1093,2025-04-08 18:53:32,17.51,70.9,BuildingB_Floor1,TypeB
1076,2025-04-08 05:08:05,30.44,78.57,BuildingB_Floor2,TypeA
1086,2025-04-10 08:01:43,20.2,70.26,BuildingB_Floor1,TypeB
1021,2025-04-09 02:37:35,30.93,68.68,BuildingB_Floor2,TypeB
1100,2025-04-07 02:44:17,19.39,71.75,BuildingA_Floor2,TypeB
1042,2025-04-08 16:42:35,18.27,70.28,BuildingA_Floor1,TypeB
1003,2025-04-10 00:18:10,23.62,66.47,BuildingB_Floor1,TypeB
1033,2025-04-07 10:34:30,23.12,79.98,BuildingA_Floor2,TypeA
1073,2025-04-07 12:03:30,15.47,66.28,BuildingB_Floor2,TypeC
1097,2025-04-06 01:51:16,33.49,52.6,BuildingA_Floor2,TypeC
1083,2025-04-06 12:27:05,15.48,36.55,BuildingB_Floor1,TypeB
1072,2025-04-09 14:54:58,33.96,48.15,BuildingB_Floor2,TypeA
1057,2025-04-07 20:09:16,23.71,64.79,BuildingA_Floor2,TypeA
1017,2025-04-08 19:25:33,31.86,34.34,BuildingB_Floor2,TypeA
1058,2025-04-10 13:58:18,27.06,73.24,BuildingB_Floor2,TypeA
1015,2025-04-10 04:05:31,21.37,46.81,BuildingB_Floor2,TypeA
1045,2025-04-08 20:47:37,31.8,32.71,BuildingB_Floor2,TypeC
1047,2025-04-07 18:50:55,20.39,45.68,BuildingA_Floor2,TypeA
1002,2025-04-06 17:30:10,15.57,31.49,BuildingB_Floor1,TypeC
1097,2025-04-07 02:06:54,32.07,73.58,BuildingB_Floor2,TypeB
1042,2025-04-07 23:33:51,15.67,65.78,BuildingA_Floor1,TypeC
1051,2025-04-10 12:09:38,28.99,58.98,BuildingB_Floor1,TypeA
1030,2025-04-06 20:25:18,21.84,75.52,BuildingB_Floor2,TypeC
1011,2025-04-08 11:17:45,34.43,76.35,BuildingA_Floor2,TypeA
1044,2025-04-10 21:16:37,26.18,78.25,BuildingA_Floor2,TypeA
1068,2025-04-06 11:51:51,31.87,70.78,BuildingA_Floor1,TypeA
1045,2025-04-07 12:12:03,24.18,79.17,BuildingB_Floor1,TypeA
1043,2025-04-06 20:16:11,27.99,37.46,BuildingB_Floor2,TypeA
1002,2025-04-08 14:16:53,32.85,37.15,BuildingA_Floor1,TypeB
1091,2025-04-06 02:15:30,28.97,33.47,BuildingB_Floor2,TypeC
1074,2025-04-07 11:25:16,23.32,71.48,BuildingB_Floor2,TypeB
1087,2025-04-07 02:00:41,32.55,53.28,BuildingA_Floor2,TypeB
1090,2025-04-06 07:30:20,19.23,78.44,BuildingA_Floor1,TypeC
1062,2025-04-06 05:37:55,18.29,70.27,BuildingB_Floor1,TypeC
1065,2025-04-09 01:59:30,33.13,41.8,BuildingB_Floor1,TypeB
1016,2025-04-08 10:59:57,30.06,55.49,BuildingA_Floor2,TypeA
1052,2025-04-08 21:04:38,17.38,38.15,BuildingB_Floor1,TypeB
1004,2025-04-05 22:22:05,16.32,38.96,BuildingA_Floor2,TypeC
1086,2025-04-06 05:06:56,22.44,35.03,BuildingB_Floor2,TypeC
1082,2025-04-06 12:45:19,16.29,68.03,BuildingB_Floor1,TypeB
1058,2025-04-09 06:07:11,24.75,50.98,BuildingB_Floor1,TypeC
1100,2025-04-06 12:14:06,15.66,72.92,BuildingB_Floor2,TypeA
1048,2025-04-06 01:58:36,32.22,57.08,BuildingA_Floor1,TypeB
1034,2025-04-06 13:21:37,17.45,53.28,BuildingA_Floor2,TypeA
1025,2025-04-08 17:28:33,24.64,60.86,BuildingB_Floor1,TypeB
1083,2025-04-09 14:35:37,26.05,69.78,BuildingA_Floor2,TypeB
1047,2025-04-10 12:40:44,22.78,30.82,BuildingB_Floor2,TypeB
1023,2025-04-07 06:44:37,33.94,37.84,BuildingB_Floor2,TypeB
1054,2025-04-09 07:29:46,33.79,77.66,BuildingA_Floor1,TypeA
1083,2025-04-09 15:21:16,32.32,74.09,BuildingB_Floor2,TypeA
1096,2025-04-06 03:12:04,17.43,70.95,BuildingB_Floor1,TypeB
1095,2025-04-10 17:34:42,31.67,46.72,BuildingA_Floor2,TypeB
1091,2025-04-09 17:09:32,31.99,43.77,BuildingB_Floor2,TypeB
1037,2025-04-06 01:01:10,31.9,44.58,BuildingA_Floor2,TypeC
1010,2025-04-06 22:14:42,19.2,67.22,BuildingA_Floor1,TypeB
1060,2025-04-09 21:59:57,26.86,31.72,BuildingA_Floor1,TypeC
1005,2025-04-06 03:31:25,27.29,69.97,BuildingA_Floor1,TypeC
1048,2025-04-07 03:13:12,33.53,59.0,BuildingA_Floor1,TypeC
1072,2025-04-09 16:49:15,24.08,71.58,BuildingB_Floor1,TypeC
1012,2025-04-10 09:56:15,15.45,44.89,BuildingB_Floor1,TypeC
1040,2025-04-08 23:01:10,19.89,54.32,BuildingB_Floor1,TypeB
1065,2025-04-08 10:26:19,27.22,48.17,BuildingB_Floor1,TypeB
1068,2025-04-09 00:07:35,23.86,33.86,BuildingB_Floor2,TypeB
1033,2025-04-10 20:46:23,25.7,53.79,BuildingB_Floor1,TypeA
1056,2025-04-06 00:05:20,32.3,55.48,BuildingB_Floor2,TypeC
1053,2025-04-06 23:37:14,19.8,69.62,BuildingA_Floor2,TypeB
1007,2025-04-06 15:48:31,30.7,43.88,BuildingB_Floor2,TypeB
1087,2025-04-07 14:36:56,19.39,74.69,BuildingB_Floor1,TypeB
1065,2025-04-09 22:34:35,33.53,33.32,BuildingA_Floor2,TypeA
1092,2025-04-09 01:25:57,21.26,58.5,BuildingA_Floor1,TypeA
1001,2025-04-08 10:13:04,32.54,76.8,BuildingA_Floor1,TypeA
1079,2025-04-08 14:29:20,21.59,38.18,BuildingA_Floor1,TypeC
1044,2025-04-10 10:30:41,24.54,77.24,BuildingA_Floor1,TypeC
1065,2025-04-09 05:03:51,16.15,71.47,BuildingB_Floor2,TypeB
1009,2025-04-07 16:14:52,30.2,53.71,BuildingA_Floor2,TypeA
1013,2025-04-06 09:59:15,16.36,35.88,BuildingA_Floor2,TypeB
1062,2025-04-07 14:04:53,27.41,68.6,BuildingB_Floor1,TypeC
1079,2025-04-09 21:06:43,23.98,55.5,BuildingB_Floor1,TypeC
1064,2025-04-07 18:31:26,15.94,67.99,BuildingA_Floor2,TypeA
1072,2025-04-07 09:18:56,33.02,75.99,BuildingA_Floor2,TypeB
1099,2025-04-08 12:46:14,18.59,34.52,BuildingA_Floor2,TypeC
1072,2025-04-07 17:42:50,18.83,32.81,BuildingA_Floor1,TypeA
1042,2025-04-08 09:39:53,31.68,46.22,BuildingB_Floor2,TypeB
1072,2025-04-09 01:08:10,27.26,58.24,BuildingA_Floor2,TypeA
1021,2025-04-08 16:18:53,22.79,66.35,BuildingB_Floor2,TypeC
1087,2025-04-08 08:19:59,18.16,31.18,BuildingA_Floor2,TypeC
1062,2025-04-08 22:37:18,19.65,66.02,BuildingA_Floor1,TypeC
1049,2025-04-08 13:59:29,33.5,56.16,BuildingA_Floor2,TypeC
1048,2025-04-10 07:06:26,21.85,51.89,BuildingA_Floor1,TypeC
1045,2025-04-06 04:57:04,26.16,59.86,BuildingA_Floor2,TypeA
1021,2025-04-08 17:07:27,24.37,65.36,BuildingB_Floor2,TypeC
1049,2025-04-06 02:00:34,17.78,44.77,BuildingB_Floor1,TypeC
1058,2025-04-07 07:12:33,24.83,63.22,BuildingA_Floor2,TypeB
1046,2025-04-07 17:59:27,18.24,65.12,BuildingA_Floor1,TypeA
1086,2025-04-10 19:37:48,32.99,35.36,BuildingA_Floor1,TypeC
1055,2025-04-08 05:41:19,15.34,64.22,BuildingB_Floor2,TypeC
1040,2025-04-07 19:48:43,33.91,43.67,BuildingB_Floor2,TypeC
1023,2025-04-07 11:18:05,25.46,34.18,BuildingB_Floor2,TypeC
1001,2025-04-10 21:15:13,29.4,53.98,BuildingA_Floor2,TypeC
1063,2025-04-07 11:13:59,26.0,38.03,BuildingA_Floor1,TypeC
1053,2025-04-10 05:53:06,19.56,57.82,BuildingA_Floor2,TypeA
1026,2025-04-07 20:16:07,31.36,64.69,BuildingB_Floor1,TypeC
1049,2025-04-09 08:22:07,34.71,66.06,BuildingA_Floor1,TypeC
1065,2025-04-08 03:13:22,32.26,79.89,BuildingB_Floor1,TypeA
1046,2025-04-07 16:59:32,25.9,55.97,BuildingA_Floor2,TypeA
1070,2025-04-06 19:51:04,33.9,39.76,BuildingB_Floor1,TypeC
1054,2025-04-09 01:37:14,17.51,54.1,BuildingA_Floor2,TypeA
1018,2025-04-06 14:41:10,33.68,65.85,BuildingA_Floor2,TypeA
1076,2025-04-07 21:07:24,19.11,60.58,BuildingB_Floor2,TypeA
1091,2025-04-06 11:13:12,15.84,71.21,BuildingA_Floor1,TypeC
1014,2025-04-08 03:25:39,20.64,46.72,BuildingA_Floor1,TypeB
1005,2025-04-09 17:43:13,34.85,78.67,BuildingB_Floor1,TypeB
1074,2025-04-06 07:17:23,20.61,76.83,BuildingB_Floor1,TypeB
1028,2025-04-09 18:20:09,19.5,33.73,BuildingA_Floor1,TypeB
1000,2025-04-09 08:36:10,27.35,32.67,BuildingA_Floor2,TypeB
1073,2025-04-09 11:58:49,25.74,70.99,BuildingB_Floor1,TypeA
1060,2025-04-08 08:32:29,31.8,59.84,BuildingA_Floor1,TypeC
1094,2025-04-06 15:48:42,23.84,59.66,BuildingA_Floor2,TypeA
1035,2025-04-06 15:56:45,17.33,40.56,BuildingB_Floor2,TypeA
1017,2025-04-07 13:49:56,16.5,71.2,BuildingA_Floor2,TypeA
1051,2025-04-07 06:13:53,34.97,47.13,BuildingB_Floor1,TypeC
1090,2025-04-05 23:49:55,19.11,73.39,BuildingB_Floor2,TypeA
1049,2025-04-08 15:36:14,23.08,69.6,BuildingA_Floor2,TypeB
1099,2025-04-10 00:57:41,23.61,39.84,BuildingB_Floor1,TypeA
1097,2025-04-10 03:26:31,32.56,44.39,BuildingA_Floor1,TypeC
1059,2025-04-07 18:59:47,21.44,33.21,BuildingA_Floor2,TypeB
1071,2025-04-10 10:20:27,17.24,42.89,BuildingA_Floor1,TypeA
1017,2025-04-09 08:50:22,15.71,46.03,BuildingA_Floor2,TypeA
1015,2025-04-06 15:11:14,28.32,42.48,BuildingA_Floor2,TypeA
1055,2025-04-07 18:32:45,26.1,38.29,BuildingA_Floor2,TypeA
1023,2025-04-09 10:07:42,27.6,79.22,BuildingB_Floor2,TypeA
1042,2025-04-06 10:15:28,30.97,55.95,BuildingB_Floor2,TypeA
1064,2025-04-10 08:47:17,33.37,30.11,BuildingA_Floor1,TypeC
1020,2025-04-10 02:38:07,24.66,59.26,BuildingA_Floor2,TypeC
1093,2025-04-06 00:30:06,32.67,45.14,BuildingA_Floor1,TypeC
1097,2025-04-06 01:07:45,22.69,33.36,BuildingA_Floor2,TypeC
1012,2025-04-10 16:34:19,25.37,65.83,BuildingA_Floor1,TypeC
1095,2025-04-09 07:16:16,31.53,66.36,BuildingA_Floor2,TypeA
1034,2025-04-07 07:29:11,33.12,77.1,BuildingB_Floor2,TypeA
1093,2025-04-05 21:44:58,26.06,34.93,BuildingB_Floor2,TypeA
1000,2025-04-08 14:22:34,26.65,67.7,BuildingB_Floor2,TypeC
1078,2025-04-06 18:07:34,22.26,59.42,BuildingB_Floor2,TypeC
1031,2025-04-07 03:28:43,18.77,30.73,BuildingB_Floor1,TypeB
1014,2025-04-06 21:31:31,24.01,60.21,BuildingA_Floor1,TypeC
1005,2025-04-08 23:23:53,28.58,66.9,BuildingB_Floor1,TypeB
1081,2025-04-06 06:35:51,21.35,31.49,BuildingB_Floor2,TypeC
1030,2025-04-09 04:38:17,20.96,47.66,BuildingB_Floor1,TypeA
1005,2025-04-10 11:11:57,31.41,64.99,BuildingB_Floor1,TypeC
1030,2025-04-09 02:42:06,28.97,34.81,BuildingB_Floor1,TypeB
1090,2025-04-06 16:10:27,18.57,45.46,BuildingA_Floor2,TypeC
1020,2025-04-06 18:15:04,17.03,54.14,BuildingA_Floor2,TypeC
1003,2025-04-07 17:34:19,32.78,48.76,BuildingA_Floor1,TypeC
1088,2025-04-06 15:04:56,17.39,75.05,BuildingB_Floor2,TypeC
1099,2025-04-06 20:10:31,28.47,71.19,BuildingA_Floor1,TypeB
1045,2025-04-07 19:37:01,27.85,47.94,BuildingB_Floor2,TypeA
1074,2025-04-06 17:24:35,33.49,32.58,BuildingB_Floor1,TypeA
1026,2025-04-07 07:26:51,30.53,66.32,BuildingA_Floor2,TypeB
1043,2025-04-08 19:24:56,34.69,54.64,BuildingA_Floor2,TypeC
1039,2025-04-08 04:34:49,15.18,73.39,BuildingB_Floor2,TypeC
1025,2025-04-08 18:23:11,19.94,57.38,BuildingA_Floor2,TypeC
1067,2025-04-06 08:26:01,26.09,60.38,BuildingA_Floor1,TypeB
1062,2025-04-06 14:07:32,26.42,70.53,BuildingA_Floor1,TypeB
1060,2025-04-07 11:13:48,20.55,37.14,BuildingA_Floor2,TypeC
1097,2025-04-08 19:12:55,15.09,38.4,BuildingB_Floor1,TypeC
1022,2025-04-10 07:37:35,32.21,49.62,BuildingA_Floor1,TypeC
1050,2025-04-09 12:12:21,23.12,61.26,BuildingB_Floor2,TypeB
1015,2025-04-05 23:39:53,16.61,30.04,BuildingB_Floor2,TypeB
1009,2025-04-07 03:20:21,17.15,34.97,BuildingB_Floor2,TypeA
1044,2025-04-07 19:22:27,23.02,74.19,BuildingB_Floor1,TypeB
1061,2025-04-06 18:52:06,31.3,58.39,BuildingA_Floor2,TypeB
1069,2025-04-08 04:07:32,15.01,61.56,BuildingA_Floor1,TypeA
1032,2025-04-06 10:06:42,27.86,53.03,BuildingA_Floor2,TypeB
1076,2025-04-08 05:36:33,27.92,70.76,BuildingB_Floor2,TypeC
1051,2025-04-05 22:31:41,23.3,77.1,BuildingA_Floor1,TypeB
1019,2025-04-07 11:03:44,25.22,66.32,BuildingB_Floor1,TypeC
1069,2025-04-08 16:20:09,21.84,73.84,BuildingA_Floor2,TypeA
1087,2025-04-07 23:49:15,26.19,63.13,BuildingA_Floor1,TypeC
1019,2025-04-08 02:40:10,17.49,68.59,BuildingA_Floor1,TypeC
1033,2025-04-06 11:35:36,20.41,70.0,BuildingB_Floor1,TypeC
1088,2025-04-10 07:54:44,19.21,37.26,BuildingB_Floor1,TypeA
1012,2025-04-06 02:54:34,21.03,70.33,BuildingB_Floor1,TypeC
1043,2025-04-09 05:09:30,15.6,35.1,BuildingA_Floor2,TypeA
1045,2025-04-09 07:24:44,27.5,67.04,BuildingB_Floor1,TypeB
1009,2025-04-09 15:37:33,23.82,33.52,BuildingB_Floor1,TypeB
1033,2025-04-06 04:16:47,22.12,48.89,BuildingB_Floor2,TypeC
1040,2025-04-07 18:24:56,29.38,34.53,BuildingA_Floor2,TypeB
1020,2025-04-07 07:51:21,17.75,46.04,BuildingB_Floor1,TypeA
1084,2025-04-06 17:58:57,22.1,50.38,BuildingA_Floor1,TypeC
1001,2025-04-06 00:10:34,24.99,62.59,BuildingA_Floor2,TypeA
1053,2025-04-08 04:38:13,19.68,45.46,BuildingA_Floor1,TypeA
1011,2025-04-08 22:16:59,26.06,45.9,BuildingB_Floor1,TypeA
1088,2025-04-09 02:41:42,25.32,73.99,BuildingA_Floor2,TypeB
1031,2025-04-07 12:55:09,16.05,62.25,BuildingA_Floor2,TypeA
1078,2025-04-06 00:19:26,31.76,45.83,BuildingB_Floor2,TypeC
1004,2025-04-09 05:06:35,17.99,78.11,BuildingA_Floor1,TypeB
1074,2025-04-07 06:41:01,18.58,32.89,BuildingA_Floor1,TypeB
1054,2025-04-07 02:11:15,25.21,63.01,BuildingB_Floor1,TypeC
1018,2025-04-06 07:21:22,27.46,71.07,BuildingA_Floor1,TypeB
1056,2025-04-09 15:50:01,15.51,32.61,BuildingB_Floor2,TypeA
1093,2025-04-08 21:56:20,30.79,61.73,BuildingA_Floor2,TypeB
1027,2025-04-08 05:37:25,16.96,60.59,BuildingA_Floor1,TypeB
1005,2025-04-07 16:14:44,31.79,35.95,BuildingB_Floor1,TypeC
1043,2025-04-09 18:51:05,28.32,52.43,BuildingA_Floor1,TypeA
1048,2025-04-06 14:09:27,16.61,37.27,BuildingB_Floor1,TypeB
1002,2025-04-09 06:49:43,22.21,75.48,BuildingB_Floor1,TypeB
1039,2025-04-08 20:59:47,21.04,65.4,BuildingA_Floor1,TypeC
1054,2025-04-08 19:38:43,18.24,30.89,BuildingA_Floor1,TypeA
1004,2025-04-10 01:52:59,15.1,67.76,BuildingA_Floor1,TypeB
1013,2025-04-09 13:59:45,16.02,53.59,BuildingA_Floor2,TypeB
1056,2025-04-08 03:45:34,16.07,54.07,BuildingB_Floor1,TypeC
1035,2025-04-10 08:51:05,16.17,32.83,BuildingB_Floor1,TypeA
1000,2025-04-07 01:27:44,22.94,46.64,BuildingA_Floor2,TypeC
1080,2025-04-08 14:58:46,25.28,70.37,BuildingA_Floor1,TypeA
1005,2025-04-07 09:55:51,23.31,56.68,BuildingA_Floor1,TypeB
1056,2025-04-06 17:33:26,19.34,38.93,BuildingB_Floor1,TypeA
1052,2025-04-08 21:37:06,33.0,47.65,BuildingB_Floor1,TypeB
1028,2025-04-07 03:59:08,28.26,32.77,BuildingA_Floor1,TypeA
1091,2025-04-10 07:19:02,30.33,32.34,BuildingB_Floor1,TypeA
1025,2025-04-06 19:43:25,33.02,62.44,BuildingA_Floor1,TypeC
1092,2025-04-09 20:34:46,34.1,56.62,BuildingB_Floor1,TypeA
1032,2025-04-06 12:58:59,24.21,42.2,BuildingA_Floor1,TypeC
1077,2025-04-09 07:08:29,26.33,45.18,BuildingA_Floor1,TypeB
1017,2025-04-09 10:35:18,27.21,53.91,BuildingB_Floor1,TypeC
1066,2025-04-09 01:15:05,28.79,64.52,BuildingA_Floor2,TypeA
1033,2025-04-07 21:02:23,24.64,48.6,BuildingA_Floor2,TypeB
1082,2025-04-06 22:47:28,17.9,43.8,BuildingA_Floor1,TypeA
1038,2025-04-08 15:50:39,26.5,38.18,BuildingB_Floor2,TypeB
1089,2025-04-09 08:40:08,18.87,56.97,BuildingB_Floor2,TypeC
1062,2025-04-08 09:44:05,25.97,65.29,BuildingA_Floor1,TypeA
1069,2025-04-06 15:13:18,23.48,42.96,BuildingA_Floor1,TypeC
1075,2025-04-08 19:44:47,16.25,40.58,BuildingA_Floor2,TypeB
1036,2025-04-10 17:19:54,34.99,61.79,BuildingA_Floor1,TypeB
1043,2025-04-08 05:21:08,31.23,57.75,BuildingA_Floor2,TypeB
1036,2025-04-08 04:59:17,21.23,69.83,BuildingB_Floor1,TypeC
1058,2025-04-09 01:03:39,21.19,68.16,BuildingB_Floor1,TypeB
1057,2025-04-10 18:38:09,20.43,72.65,BuildingA_Floor1,TypeA
1033,2025-04-06 06:27:51,28.95,52.33,BuildingB_Floor1,TypeB
1041,2025-04-10 17:09:04,21.65,36.8,BuildingA_Floor2,TypeA
1030,2025-04-06 02:10:54,34.18,70.93,BuildingA_Floor1,TypeC
1002,2025-04-08 23:25:17,15.55,78.51,BuildingB_Floor1,TypeC
1032,2025-04-06 01:27:59,16.34,59.44,BuildingB_Floor2,TypeA
1099,2025-04-07 10:21:14,22.11,59.92,BuildingB_Floor2,TypeB
1002,2025-04-10 16:13:52,33.9,30.88,BuildingA_Floor1,TypeC
1068,2025-04-08 13:19:51,32.27,60.48,BuildingA_Floor2,TypeA
1041,2025-04-08 18:16:21,22.01,79.09,BuildingA_Floor1,TypeA
1058,2025-04-09 18:19:53,19.59,61.91,BuildingB_Floor2,TypeC
1038,2025-04-07 04:37:29,21.38,76.36,BuildingA_Floor2,TypeB
1088,2025-04-06 13:40:53,23.92,32.03,BuildingA_Floor2,TypeC
1061,2025-04-09 04:42:10,16.63,58.59,BuildingA_Floor1,TypeA
1015,2025-04-06 13:14:20,28.15,59.16,BuildingB_Floor2,TypeB
1087,2025-04-06 09:02:49,27.56,38.52,BuildingA_Floor2,TypeC
1042,2025-04-10 13:38:32,29.85,59.13,BuildingB_Floor1,TypeC
1017,2025-04-09 01:04:01,21.49,43.11,BuildingB_Floor1,TypeC
1097,2025-04-06 04:35:52,21.22,36.46,BuildingB_Floor1,TypeA
1063,2025-04-08 03:33:13,28.06,55.4,BuildingB_Floor2,TypeB
1097,2025-04-08 21:07:28,31.84,35.15,BuildingA_Floor1,TypeB
1007,2025-04-10 19:03:31,34.87,53.74,BuildingB_Floor1,TypeB
1036,2025-04-10 00:32:39,15.42,64.59,BuildingA_Floor2,TypeC
1064,2025-04-06 09:47:31,28.61,79.76,BuildingB_Floor2,TypeA
1089,2025-04-09 18:44:57,34.01,67.25,BuildingA_Floor2,TypeC
1015,2025-04-08 09:17:51,34.99,30.0,BuildingB_Floor1,TypeA
1011,2025-04-09 22:58:20,32.46,61.24,BuildingA_Floor1,TypeA
1099,2025-04-09 00:28:21,28.79,70.33,BuildingB_Floor2,TypeC
1026,2025-04-09 10:38:31,31.2,69.13,BuildingA_Floor1,TypeC
1018,2025-04-07 13:29:31,29.44,48.22,BuildingB_Floor2,TypeC
1051,2025-04-06 13:11:08,26.93,73.11,BuildingB_Floor1,TypeA
1091,2025-04-08 06:42:36,32.55,35.96,BuildingA_Floor1,TypeC
1048,2025-04-10 12:31:34,24.55,37.33,BuildingA_Floor2,TypeB
1086,2025-04-10 07:33:28,18.22,79.2,BuildingA_Floor1,TypeA
1082,2025-04-10 01:22:30,19.63,75.93,BuildingB_Floor1,TypeA
1091,2025-04-08 05:31:39,15.84,54.33,BuildingA_Floor1,TypeC
1096,2025-04-09 20:15:50,32.53,44.91,BuildingB_Floor2,TypeC
1075,2025-04-10 01:49:24,30.37,42.5,BuildingB_Floor2,TypeB
1056,2025-04-07 19:21:30,27.34,34.82,BuildingA_Floor1,TypeC
1081,2025-04-09 09:51:30,29.48,37.86,BuildingB_Floor1,TypeC
1048,2025-04-08 01:16:27,18.62,38.87,BuildingB_Floor2,TypeC
1055,2025-04-08 10:41:34,29.37,59.83,BuildingB_Floor2,TypeA
1073,2025-04-10 16:28:52,27.05,34.04,BuildingA_Floor1,TypeC
1000,2025-04-06 11:32:03,24.06,55.08,BuildingA_Floor1,TypeA
1097,2025-04-09 21:04:59,33.7,72.42,BuildingB_Floor2,TypeA
1011,2025-04-07 18:51:20,20.33,47.01,BuildingB_Floor1,TypeA
1015,2025-04-08 18:03:19,22.68,79.64,BuildingA_Floor1,TypeB
1066,2025-04-05 21:49:44,24.09,52.25,BuildingB_Floor2,TypeA
1094,2025-04-08 12:36:02,17.66,71.82,BuildingB_Floor2,TypeC
1090,2025-04-10 17:32:48,29.57,60.45,BuildingA_Floor2,TypeC
1058,2025-04-09 14:38:41,15.45,63.25,BuildingB_Floor1,TypeC
1044,2025-04-06 09:58:23,34.07,43.41,BuildingB_Floor1,TypeB
1078,2025-04-06 13:43:26,18.55,40.04,BuildingB_Floor1,TypeA
1010,2025-04-08 06:27:01,24.26,64.08,BuildingA_Floor2,TypeA
1007,2025-04-10 07:09:11,19.65,56.78,BuildingA_Floor1,TypeA
1060,2025-04-06 17:17:52,20.37,44.2,BuildingA_Floor2,TypeA
1020,2025-04-09 00:07:45,21.81,52.97,BuildingB_Floor2,TypeC
1082,2025-04-09 03:53:24,29.55,64.87,BuildingA_Floor2,TypeC
1045,2025-04-06 08:55:52,30.84,77.19,BuildingA_Floor1,TypeB
1095,2025-04-06 04:37:14,26.93,71.39,BuildingB_Floor1,TypeA
1046,2025-04-10 14:21:13,32.13,41.68,BuildingB_Floor2,TypeA
1043,2025-04-10 11:24:58,31.75,66.37,BuildingB_Floor2,TypeC
1056,2025-04-06 20:52:13,29.98,47.26,BuildingA_Floor1,TypeA
1024,2025-04-10 06:45:57,31.74,64.55,BuildingA_Floor1,TypeA
1054,2025-04-07 13:20:42,28.0,63.81,BuildingA_Floor1,TypeA
1050,2025-04-07 11:58:51,32.5,41.98,BuildingB_Floor1,TypeA
1022,2025-04-07 01:38:21,19.26,34.69,BuildingB_Floor2,TypeB
1041,2025-04-06 15:41:35,21.75,34.61,BuildingA_Floor1,TypeA
1051,2025-04-07 05:41:25,32.9,71.49,BuildingA_Floor1,TypeA
1083,2025-04-10 06:42:38,20.29,63.53,BuildingB_Floor1,TypeB
1083,2025-04-06 11:39:34,18.57,31.32,BuildingB_Floor2,TypeB
1006,2025-04-08 14:17:48,28.39,38.52,BuildingB_Floor2,TypeA
1085,2025-04-09 21:19:45,22.4,51.54,BuildingB_Floor2,TypeB
1095,2025-04-09 19:24:39,19.35,40.26,BuildingA_Floor1,TypeC
1042,2025-04-06 17:52:20,24.29,77.8,BuildingA_Floor2,TypeC
1009,2025-04-10 06:01:58,19.07,34.88,BuildingA_Floor2,TypeB
1039,2025-04-09 14:19:50,24.9,50.51,BuildingB_Floor1,TypeA
1041,2025-04-07 19:42:54,25.36,49.11,BuildingB_Floor2,TypeB
1030,2025-04-06 23:31:04,23.25,41.39,BuildingA_Floor1,TypeC
1000,2025-04-08 03:04:20,24.39,70.73,BuildingB_Floor2,TypeA
1058,2025-04-10 03:23:45,29.1,36.03,BuildingB_Floor1,TypeA
1046,2025-04-08 20:29:33,27.53,69.37,BuildingB_Floor2,TypeB
1007,2025-04-10 02:51:09,22.3,56.3,BuildingB_Floor1,TypeB
